Year,Month,Avr.ID,Avrakning,Medlemsnummer,Avr.Omr,Avrakningsomrade,Verknummer, ,Typ av framforande inom avrakningsomradet,Land,Roll,Andel%,Belopp,Avtalsnummer,Avtalsnamn,Filmnummer,Filmtitel,Episodtitel,Rattighet,Antal Spelningar
2018,June,1197,Juniutbetalning 2018,5033743,04,Dans-diskotek,27208757,1400,DISCO - SPOTIFY,SVERIGE,CA,10.94,114.66,,,,,,PR,
2018,June,1197,Juniutbetalning 2018,5033743,04,Dans-diskotek,31495330,1400,DISCO - SPOTIFY,SVERIGE,CA,8.90,1.37,,,,,,PR,
2018,June,1197,Juniutbetalning 2018,5033743,04,Dans-diskotek,35175994,1400,DISCO - SPOTIFY,SVERIGE,CA,10.00,0.59,,,,,,PR,
2018,June,1197,Juniutbetalning 2018,5033743,04,Dans-diskotek,35598261,1400,DISCO - SPOTIFY,SVERIGE,CA,18.80,11.22,,,,,,PR,
2018,June,1197,Juniutbetalning 2018,5033743,04,Dans-diskotek,37711023,1400,DISCO - SPOTIFY,SVERIGE,CA,35.00,71.57,,,,,,PR,
2018,June,1197,Juniutbetalning 2018,5033743,04,Dans-diskotek,39124693,1400,DISCO - SPOTIFY,SVERIGE,CA,11.67,13.65,,,,,,PR,
2018,June,1197,Juniutbetalning 2018,5033743,05,Levande musik med rapport,27208757,150B,"LEVANDE-POP,ROCK",SVERIGE,CA,10.94,71.43,,,,,,PR,
2018,June,1197,Juniutbetalning 2018,5033743,05,Levande musik med rapport,27208757,150B,"LEVANDE-POP,ROCK",SVERIGE,CA,11.12,1.77,,,,,,PR,
2018,June,1197,Juniutbetalning 2018,5033743,05,Levande musik med rapport,35175994,150B,"LEVANDE-POP,ROCK",SVERIGE,CA,10.00,85.24,,,,,,PR,
2018,June,1197,Juniutbetalning 2018,5033743,05,Levande musik med rapport,37711023,150B,"LEVANDE-POP,ROCK",SVERIGE,CA,35.00,47.54,,,,,,PR,
2018,June,1197,Juniutbetalning 2018,5033743,05,Levande musik med rapport,38001949,150B,"LEVANDE-POP,ROCK",SVERIGE,A,25.00,198.96,,,,,,PR,
2018,June,1197,Juniutbetalning 2018,5033743,07,Teatermusik,27208757,155,INLAGEMUSIK,SVERIGE,CA,10.94,2.66,,,,,,PR,
2018,June,1197,Juniutbetalning 2018,5033743,08,Bakgrundsmusik med rapport,27208757,B2120,Bakgrund - Streamec,SVERIGE,CA,10.94,1.74,,,,,,PR,
2018,June,1197,Juniutbetalning 2018,5033743,08,Bakgrundsmusik med rapport,27208757,B2120,Bakgrund - Streamec,SVERIGE,CA,10.94,0.65,,,,,,PR,
2018,June,1197,Juniutbetalning 2018,5033743,08,Bakgrundsmusik med rapport,27208757,B2121,Bakgrund - My Instore Radio,SVERIGE,CA,10.94,5.25,,,,,,PR,
2018,June,1197,Juniutbetalning 2018,5033743,08,Bakgrundsmusik med rapport,27208757,B2121,Bakgrund - My Instore Radio,SVERIGE,CA,10.94,4.55,,,,,,PR,
2018,June,1197,Juniutbetalning 2018,5033743,08,Bakgrundsmusik med rapport,27208757,B2122,Bakgrund - Play Network,SVERIGE,CA,10.94,0.60,,,,,,PR,
2018,June,1197,Juniutbetalning 2018,5033743,08,Bakgrundsmusik med rapport,27208757,B2125,BAKGRUND - LIVEQUBE,SVERIGE,CA,10.94,3.78,,,,,,PR,
2018,June,1197,Juniutbetalning 2018,5033743,08,Bakgrundsmusik med rapport,27208757,B2129,Bakgrund - Fitness Player,SVERIGE,CA,10.94,5.08,,,,,,PR,
2018,June,1197,Juniutbetalning 2018,5033743,08,Bakgrundsmusik med rapport,27208757,BMR2016,MUSIC PARTNER,SVERIGE,CA,10.94,3.00,,,,,,PR,
2018,June,1197,Juniutbetalning 2018,5033743,08,Bakgrundsmusik med rapport,27208757,BMR2077,SPOTIFY BUSINESS,SVERIGE,CA,10.94,1722.03,,,,,,PR,
2018,June,1197,Juniutbetalning 2018,5033743,08,Bakgrundsmusik med rapport,27208757,BMR2084,SWEDEBEAT,SVERIGE,CA,10.94,64.69,,,,,,PR,
2018,June,1197,Juniutbetalning 2018,5033743,08,Bakgrundsmusik med rapport,27208757,BMR2106,MUSIC IN BRANDS,SVERIGE,CA,10.94,26.35,,,,,,PR,
2018,June,1197,Juniutbetalning 2018,5033743,08,Bakgrundsmusik med rapport,27208757,BMR2111,HEARTBEATS,SVERIGE,CA,10.94,8.97,,,,,,PR,
2018,June,1197,Juniutbetalning 2018,5033743,08,Bakgrundsmusik med rapport,35175987,B2125,BAKGRUND - LIVEQUBE,SVERIGE,CA,25.00,4.01,,,,,,PR,
2018,June,1197,Juniutbetalning 2018,5033743,08,Bakgrundsmusik med rapport,35175987,BMR2077,SPOTIFY BUSINESS,SVERIGE,CA,25.00,0.01,,,,,,PR,
2018,June,1197,Juniutbetalning 2018,5033743,08,Bakgrundsmusik med rapport,35598261,BMR2077,SPOTIFY BUSINESS,SVERIGE,CA,18.80,9.01,,,,,,PR,
2018,June,1197,Juniutbetalning 2018,5033743,08,Bakgrundsmusik med rapport,37711023,BMR2077,SPOTIFY BUSINESS,SVERIGE,CA,35.00,0.73,,,,,,PR,
2018,June,1197,Juniutbetalning 2018,5033743,09,Bakgrundsmusik utan rapport,27208757,297,NCB SKIVOR (BAKGRUND),SVERIGE,CA,10.94,8.16,,,,,,PR,
2018,June,1197,Juniutbetalning 2018,5033743,09,Bakgrundsmusik utan rapport,27208757,300,SPOTIFY - BAKGRUND,SVERIGE,CA,10.94,327.31,,,,,,PR,
2018,June,1197,Juniutbetalning 2018,5033743,09,Bakgrundsmusik utan rapport,27208757,302,YOUTUBE,SVERIGE,CA,10.94,57.07,,,,,,PR,
2018,June,1197,Juniutbetalning 2018,5033743,09,Bakgrundsmusik utan rapport,27208757,B011,SVT1 BAKGRUND,SVERIGE,CA,11.12,5.94,,,,,,PR,
2018,June,1197,Juniutbetalning 2018,5033743,09,Bakgrundsmusik utan rapport,27208757,B021,SVT1 VISUELLT,SVERIGE,CA,11.12,29.30,,,,,,PR,
2018,June,1197,Juniutbetalning 2018,5033743,09,Bakgrundsmusik utan rapport,27208757,B1010,P1,SVERIGE,CA,11.12,28.16,,,,,,PR,
2018,June,1197,Juniutbetalning 2018,5033743,09,Bakgrundsmusik utan rapport,27208757,B1020,P2 ÖVRIGT (ALLT UTOM LIVE),SVERIGE,CA,11.12,0.17,,,,,,PR,
2018,June,1197,Juniutbetalning 2018,5033743,09,Bakgrundsmusik utan rapport,27208757,B1030,P3,SVERIGE,CA,11.12,121.21,,,,,,PR,
2018,June,1197,Juniutbetalning 2018,5033743,09,Bakgrundsmusik utan rapport,27208757,B1040,P4,SVERIGE,CA,11.12,57.49,,,,,,PR,
2018,June,1197,Juniutbetalning 2018,5033743,09,Bakgrundsmusik utan rapport,27208757,B1041,P4 LOKAL,SVERIGE,CA,11.12,286.83,,,,,,PR,
2018,June,1197,Juniutbetalning 2018,5033743,09,Bakgrundsmusik utan rapport,27208757,B203,TV3,SVERIGE,CA,11.12,0.27,,,846363,LYXFÄLLAN,1901,PR,
2018,June,1197,Juniutbetalning 2018,5033743,09,Bakgrundsmusik utan rapport,27208757,B203,TV3,SVERIGE,CA,11.12,0.18,,,863710,PARNEVIKS,,PR,
2018,June,1197,Juniutbetalning 2018,5033743,09,Bakgrundsmusik utan rapport,27208757,B204,TV4,SVERIGE,CA,11.12,6.54,,,904616,IDOL 2017,,PR,
2018,June,1197,Juniutbetalning 2018,5033743,09,Bakgrundsmusik utan rapport,27208757,B206,KANAL 5,SVERIGE,CA,11.12,0.28,,,874381,ETT JOBB FÖR BERG,,PR,
2018,June,1197,Juniutbetalning 2018,5033743,09,Bakgrundsmusik utan rapport,27208757,B206,KANAL 5,SVERIGE,CA,11.12,0.64,,,874383,ETT JOBB FÖR BERG,,PR,
2018,June,1197,Juniutbetalning 2018,5033743,09,Bakgrundsmusik utan rapport,27208757,B206,KANAL 5,SVERIGE,CA,11.12,0.22,,,874674,TUNNELBANAN,,PR,
2018,June,1197,Juniutbetalning 2018,5033743,09,Bakgrundsmusik utan rapport,27208757,B206,KANAL 5,SVERIGE,CA,11.12,0.28,,,876507,WAHLGRENS VÄRLD,,PR,
2018,June,1197,Juniutbetalning 2018,5033743,09,Bakgrundsmusik utan rapport,27208757,B206,KANAL 5,SVERIGE,CA,11.12,0.70,,,900221,WAHLGRENS VÄRLD,,PR,
2018,June,1197,Juniutbetalning 2018,5033743,09,Bakgrundsmusik utan rapport,27208757,B214,SJUAN,SVERIGE,CA,11.12,0.26,,,841217,DIY SOS: THE BIG BUILD,HOPESAY,PR,
2018,June,1197,Juniutbetalning 2018,5033743,09,Bakgrundsmusik utan rapport,27208757,B305,iTunes Downloads - Bakgrund,SVERIGE,CA,10.94,95.81,,,,,,PR,
2018,June,1197,Juniutbetalning 2018,5033743,09,Bakgrundsmusik utan rapport,27208757,B305,iTunes Downloads - Bakgrund,SVERIGE,CA,10.94,72.28,,,,,,PR,
2018,June,1197,Juniutbetalning 2018,5033743,09,Bakgrundsmusik utan rapport,27208757,B305,iTunes Downloads - Bakgrund,SVERIGE,CA,10.94,26.15,,,,,,PR,
2018,June,1197,Juniutbetalning 2018,5033743,09,Bakgrundsmusik utan rapport,27208757,B305,iTunes Downloads - Bakgrund,SVERIGE,CA,10.94,36.51,,,,,,PR,
2018,June,1197,Juniutbetalning 2018,5033743,09,Bakgrundsmusik utan rapport,27208757,B305,iTunes Downloads - Bakgrund,SVERIGE,CA,10.94,21.66,,,,,,PR,
2018,June,1197,Juniutbetalning 2018,5033743,09,Bakgrundsmusik utan rapport,27208757,B511,SVT1 SKIVA,SVERIGE,CA,11.12,128.97,,,,,,PR,
2018,June,1197,Juniutbetalning 2018,5033743,09,Bakgrundsmusik utan rapport,27208757,B512,SVT2 SKIVA,SVERIGE,CA,11.12,9.58,,,,,,PR,
2018,June,1197,Juniutbetalning 2018,5033743,09,Bakgrundsmusik utan rapport,27208757,B553,P5 STOCKHOLM,SVERIGE,CA,11.12,0.46,,,,,,PR,
2018,June,1197,Juniutbetalning 2018,5033743,09,Bakgrundsmusik utan rapport,27208757,B801,MEGAPOL,SVERIGE,CA,11.12,545.76,,,,,,PR,
2018,June,1197,Juniutbetalning 2018,5033743,09,Bakgrundsmusik utan rapport,27208757,B808,NRJ,SVERIGE,CA,11.12,321.42,,,,,,PR,
2018,June,1197,Juniutbetalning 2018,5033743,09,Bakgrundsmusik utan rapport,27208757,B837,RIX,SVERIGE,CA,11.12,398.20,,,,,,PR,
2018,June,1197,Juniutbetalning 2018,5033743,09,Bakgrundsmusik utan rapport,31495330,300,SPOTIFY - BAKGRUND,SVERIGE,CA,8.90,3.91,,,,,,PR,
2018,June,1197,Juniutbetalning 2018,5033743,09,Bakgrundsmusik utan rapport,31495330,302,YOUTUBE,SVERIGE,CA,8.90,1.16,,,,,,PR,
2018,June,1197,Juniutbetalning 2018,5033743,09,Bakgrundsmusik utan rapport,31495330,B305,iTunes Downloads - Bakgrund,SVERIGE,CA,8.90,0.53,,,,,,PR,
2018,June,1197,Juniutbetalning 2018,5033743,09,Bakgrundsmusik utan rapport,31495330,B305,iTunes Downloads - Bakgrund,SVERIGE,CA,8.90,1.14,,,,,,PR,
2018,June,1197,Juniutbetalning 2018,5033743,09,Bakgrundsmusik utan rapport,32535896,300,SPOTIFY - BAKGRUND,SVERIGE,CA,12.50,0.32,,,,,,PR,
2018,June,1197,Juniutbetalning 2018,5033743,09,Bakgrundsmusik utan rapport,32535896,B511,SVT1 SKIVA,SVERIGE,CA,12.50,10.50,,,,,,PR,
2018,June,1197,Juniutbetalning 2018,5033743,09,Bakgrundsmusik utan rapport,35175987,B1041,P4 LOKAL,SVERIGE,CA,25.00,15.64,,,,,,PR,
2018,June,1197,Juniutbetalning 2018,5033743,09,Bakgrundsmusik utan rapport,35175987,B305,iTunes Downloads - Bakgrund,SVERIGE,CA,25.00,1.29,,,,,,PR,
2018,June,1197,Juniutbetalning 2018,5033743,09,Bakgrundsmusik utan rapport,35175987,B305,iTunes Downloads - Bakgrund,SVERIGE,CA,25.00,2.84,,,,,,PR,
2018,June,1197,Juniutbetalning 2018,5033743,09,Bakgrundsmusik utan rapport,35175987,B511,SVT1 SKIVA,SVERIGE,CA,25.00,13.04,,,,,,PR,
2018,June,1197,Juniutbetalning 2018,5033743,09,Bakgrundsmusik utan rapport,35175994,300,SPOTIFY - BAKGRUND,SVERIGE,CA,10.00,1.68,,,,,,PR,
2018,June,1197,Juniutbetalning 2018,5033743,09,Bakgrundsmusik utan rapport,35175994,B305,iTunes Downloads - Bakgrund,SVERIGE,CA,10.00,1.01,,,,,,PR,
2018,June,1197,Juniutbetalning 2018,5033743,09,Bakgrundsmusik utan rapport,35175994,B305,iTunes Downloads - Bakgrund,SVERIGE,CA,10.00,1.02,,,,,,PR,
2018,June,1197,Juniutbetalning 2018,5033743,09,Bakgrundsmusik utan rapport,35598261,300,SPOTIFY - BAKGRUND,SVERIGE,CA,18.80,32.04,,,,,,PR,
2018,June,1197,Juniutbetalning 2018,5033743,09,Bakgrundsmusik utan rapport,35598261,B1030,P3,SVERIGE,CA,18.80,56.53,,,,,,PR,
2018,June,1197,Juniutbetalning 2018,5033743,09,Bakgrundsmusik utan rapport,35598261,B305,iTunes Downloads - Bakgrund,SVERIGE,CA,18.80,1.52,,,,,,PR,
2018,June,1197,Juniutbetalning 2018,5033743,09,Bakgrundsmusik utan rapport,35598261,B553,P5 STOCKHOLM,SVERIGE,CA,18.80,0.41,,,,,,PR,
2018,June,1197,Juniutbetalning 2018,5033743,09,Bakgrundsmusik utan rapport,37711023,300,SPOTIFY - BAKGRUND,SVERIGE,CA,35.00,204.30,,,,,,PR,
2018,June,1197,Juniutbetalning 2018,5033743,09,Bakgrundsmusik utan rapport,37711023,B305,iTunes Downloads - Bakgrund,SVERIGE,CA,35.00,13.79,,,,,,PR,
2018,June,1197,Juniutbetalning 2018,5033743,09,Bakgrundsmusik utan rapport,37711023,B305,iTunes Downloads - Bakgrund,SVERIGE,CA,35.00,19.00,,,,,,PR,
2018,June,1197,Juniutbetalning 2018,5033743,09,Bakgrundsmusik utan rapport,38001949,300,SPOTIFY - BAKGRUND,SVERIGE,A,25.00,1.01,,,,,,PR,
2018,June,1197,Juniutbetalning 2018,5033743,09,Bakgrundsmusik utan rapport,39124693,300,SPOTIFY - BAKGRUND,SVERIGE,CA,11.67,38.95,,,,,,PR,
2018,June,1197,Juniutbetalning 2018,5033743,09,Bakgrundsmusik utan rapport,39124693,B341,TV4 BAKGRUND,SVERIGE,CA,11.67,6.53,,,,,,PR,
2018,June,1197,Juniutbetalning 2018,5033743,10,Sveriges Radio,27208757,061,P3 DIN GATA,SVERIGE,CA,11.12,29.35,,,,,,PR,
2018,June,1197,Juniutbetalning 2018,5033743,10,Sveriges Radio,27208757,062,P6,SVERIGE,CA,11.12,0.62,,,,,,PR,
2018,June,1197,Juniutbetalning 2018,5033743,10,Sveriges Radio,27208757,1010,P1,SVERIGE,CA,11.12,28.56,,,,,,PR,
2018,June,1197,Juniutbetalning 2018,5033743,10,Sveriges Radio,27208757,1020,P2 ÖVRIGT (ALLT UTOM LIVE),SVERIGE,CA,11.12,5.94,,,,,,PR,
2018,June,1197,Juniutbetalning 2018,5033743,10,Sveriges Radio,27208757,1030,P3,SVERIGE,CA,11.12,319.81,,,,,,PR,
2018,June,1197,Juniutbetalning 2018,5033743,10,Sveriges Radio,27208757,1040,P4,SVERIGE,CA,11.12,172.90,,,,,,PR,
2018,June,1197,Juniutbetalning 2018,5033743,10,Sveriges Radio,27208757,1041,P4 LOKAL,SVERIGE,CA,11.12,97.70,,,,,,PR,
2018,June,1197,Juniutbetalning 2018,5033743,10,Sveriges Radio,27208757,553,P5 STOCKHOLM,SVERIGE,CA,11.12,1.21,,,,,,PR,
2018,June,1197,Juniutbetalning 2018,5033743,10,Sveriges Radio,35175987,1041,P4 LOKAL,SVERIGE,CA,25.00,5.30,,,,,,PR,
2018,June,1197,Juniutbetalning 2018,5033743,10,Sveriges Radio,35598261,1030,P3,SVERIGE,CA,18.80,149.14,,,,,,PR,
2018,June,1197,Juniutbetalning 2018,5033743,10,Sveriges Radio,35598261,553,P5 STOCKHOLM,SVERIGE,CA,18.80,1.09,,,,,,PR,
2018,June,1197,Juniutbetalning 2018,5033743,11,Sveriges Television,27208757,011,SVT1 BAKGRUND,SVERIGE,CA,11.12,47.96,,,,,,PR,
2018,June,1197,Juniutbetalning 2018,5033743,11,Sveriges Television,27208757,021,SVT1 VISUELLT,SVERIGE,CA,11.12,236.24,,,,,,PR,
2018,June,1197,Juniutbetalning 2018,5033743,11,Sveriges Television,27208757,073,SVT24 BAKGRUND,SVERIGE,CA,11.12,1.72,,,,,,PR,
2018,June,1197,Juniutbetalning 2018,5033743,11,Sveriges Television,27208757,215,BARNKANALEN,SVERIGE,CA,11.12,0.88,,,900358,STJÄRNHOPPNINGEN 2017,,PR,
2018,June,1197,Juniutbetalning 2018,5033743,11,Sveriges Television,27208757,511,SVT1 SKIVA,SVERIGE,CA,11.12,1039.81,,,,,,PR,
2018,June,1197,Juniutbetalning 2018,5033743,11,Sveriges Television,27208757,512,SVT2 SKIVA,SVERIGE,CA,11.12,23.27,,,,,,PR,
2018,June,1197,Juniutbetalning 2018,5033743,11,Sveriges Television,32535896,073,SVT24 BAKGRUND,SVERIGE,CA,12.50,0.13,,,,,,PR,
2018,June,1197,Juniutbetalning 2018,5033743,11,Sveriges Television,32535896,511,SVT1 SKIVA,SVERIGE,CA,12.50,84.81,,,,,,PR,
2018,June,1197,Juniutbetalning 2018,5033743,11,Sveriges Television,35175987,073,SVT24 BAKGRUND,SVERIGE,CA,25.00,0.51,,,,,,PR,
2018,June,1197,Juniutbetalning 2018,5033743,11,Sveriges Television,35175987,511,SVT1 SKIVA,SVERIGE,CA,25.00,105.18,,,,,,PR,
2018,June,1197,Juniutbetalning 2018,5033743,12,Kommersiell radio,27208757,801,MEGAPOL,SVERIGE,CA,11.12,619.20,,,,,,PR,
2018,June,1197,Juniutbetalning 2018,5033743,12,Kommersiell radio,27208757,808,NRJ,SVERIGE,CA,11.12,457.82,,,,,,PR,
2018,June,1197,Juniutbetalning 2018,5033743,12,Kommersiell radio,27208757,837,RIX,SVERIGE,CA,11.12,301.80,,,,,,PR,
2018,June,1197,Juniutbetalning 2018,5033743,12,Kommersiell radio,27208757,893,Power Hit Radio,SVERIGE,CA,11.12,24.55,,,,,,PR,
2018,June,1197,Juniutbetalning 2018,5033743,12,Kommersiell radio,27208757,949,EAST FM,SVERIGE,CA,11.12,2.93,,,,,,PR,
2018,June,1197,Juniutbetalning 2018,5033743,12,Kommersiell radio,35175994,949,EAST FM,SVERIGE,CA,10.00,0.58,,,,,,PR,
2018,June,1197,Juniutbetalning 2018,5033743,12,Kommersiell radio,37711023,949,EAST FM,SVERIGE,CA,35.00,17.80,,,,,,PR,
2018,June,1197,Juniutbetalning 2018,5033743,13,Kommersiell tv,27208757,203,TV3,SVERIGE,CA,11.12,3.00,,,846363,LYXFÄLLAN,1901,PR,
2018,June,1197,Juniutbetalning 2018,5033743,13,Kommersiell tv,27208757,203,TV3,SVERIGE,CA,11.12,1.89,,,863710,PARNEVIKS,,PR,
2018,June,1197,Juniutbetalning 2018,5033743,13,Kommersiell tv,27208757,204,TV4,SVERIGE,CA,11.12,62.26,,,904616,IDOL 2017,,PR,
2018,June,1197,Juniutbetalning 2018,5033743,13,Kommersiell tv,27208757,206,KANAL 5,SVERIGE,CA,11.12,3.92,,,874381,ETT JOBB FÖR BERG,,PR,
2018,June,1197,Juniutbetalning 2018,5033743,13,Kommersiell tv,27208757,206,KANAL 5,SVERIGE,CA,11.12,9.60,,,874383,ETT JOBB FÖR BERG,,PR,
2018,June,1197,Juniutbetalning 2018,5033743,13,Kommersiell tv,27208757,206,KANAL 5,SVERIGE,CA,11.12,3.38,,,874674,TUNNELBANAN,,PR,
2018,June,1197,Juniutbetalning 2018,5033743,13,Kommersiell tv,27208757,206,KANAL 5,SVERIGE,CA,11.12,4.15,,,876507,WAHLGRENS VÄRLD,,PR,
2018,June,1197,Juniutbetalning 2018,5033743,13,Kommersiell tv,27208757,206,KANAL 5,SVERIGE,CA,11.12,10.55,,,900221,WAHLGRENS VÄRLD,,PR,
2018,June,1197,Juniutbetalning 2018,5033743,13,Kommersiell tv,27208757,214,SJUAN,SVERIGE,CA,11.12,3.12,,,841217,DIY SOS: THE BIG BUILD,HOPESAY,PR,
2018,June,1197,Juniutbetalning 2018,5033743,13,Kommersiell tv,27208757,231,KANAL 11,SVERIGE,CA,11.12,0.70,,,868882,EX ON THE BEACH SVERIGE,,PR,
2018,June,1197,Juniutbetalning 2018,5033743,13,Kommersiell tv,27208757,231,KANAL 11,SVERIGE,CA,11.12,1.74,,,876507,WAHLGRENS VÄRLD,,PR,
2018,June,1197,Juniutbetalning 2018,5033743,13,Kommersiell tv,27208757,TV011,SVT1 BAKGRUND,SVERIGE,CA,11.12,0.21,,,,,,PR,
2018,June,1197,Juniutbetalning 2018,5033743,13,Kommersiell tv,27208757,TV511,SVT1 SKIVA,SVERIGE,CA,11.12,2.14,,,,,,PR,
2018,June,1197,Juniutbetalning 2018,5033743,13,Kommersiell tv,27208757,TVUR021,SVT1 VISUELLT,SVERIGE,CA,11.12,0.42,,,,,,PR,
2018,June,1197,Juniutbetalning 2018,5033743,13,Kommersiell tv,27208757,TVUR201,SVT1,SVERIGE,CA,11.12,0.04,,,883504,SKAVLAN,VÅR 2017,PR,
2018,June,1197,Juniutbetalning 2018,5033743,13,Kommersiell tv,27208757,TVUR201,SVT1,SVERIGE,CA,11.12,0.02,,,885301,BILLET TIL KÆRLIGHED,,PR,
2018,June,1197,Juniutbetalning 2018,5033743,13,Kommersiell tv,27208757,TVUR512,SVT2 SKIVA,SVERIGE,CA,11.12,0.25,,,,,,PR,
2018,June,1197,Juniutbetalning 2018,5033743,13,Kommersiell tv,32535896,TV511,SVT1 SKIVA,SVERIGE,CA,12.50,0.15,,,,,,PR,
2018,June,1197,Juniutbetalning 2018,5033743,13,Kommersiell tv,35175987,TV511,SVT1 SKIVA,SVERIGE,CA,25.00,0.54,,,,,,PR,
2018,June,1197,Juniutbetalning 2018,5033743,13,Kommersiell tv,35175994,TVUR201,SVT1,SVERIGE,CA,10.00,0.21,,,894086,P3 GULDGALAN 2017,,PR,
2018,June,1197,Juniutbetalning 2018,5033743,13,Kommersiell tv,35598261,TV011,SVT1 BAKGRUND,SVERIGE,CA,18.80,0.24,,,,,,PR,
2018,June,1197,Juniutbetalning 2018,5033743,13,Kommersiell tv,39124693,341,TV4 BAKGRUND,SVERIGE,CA,11.67,62.24,,,,,,PR,
2018,June,1197,Juniutbetalning 2018,5033743,14,Närradio,27208757,N1041,P4 LOKAL,SVERIGE,CA,11.12,33.13,,,,,,PR,
2018,June,1197,Juniutbetalning 2018,5033743,14,Närradio,27208757,N553,P5 STOCKHOLM,SVERIGE,CA,11.12,0.41,,,,,,PR,
2018,June,1197,Juniutbetalning 2018,5033743,14,Närradio,35175987,N1041,P4 LOKAL,SVERIGE,CA,25.00,1.83,,,,,,PR,
2018,June,1197,Juniutbetalning 2018,5033743,14,Närradio,35598261,N553,P5 STOCKHOLM,SVERIGE,CA,18.80,0.37,,,,,,PR,
2018,June,1197,Juniutbetalning 2018,5033743,16,Online/nya medier med rapport,27208757,2003,P3 STAR,SVERIGE,CA,11.12,63.73,,,,,,PR,109
2018,June,1197,Juniutbetalning 2018,5033743,16,Online/nya medier med rapport,27208757,2021,SR BARNWEBB,SVERIGE,CA,11.12,0.90,,,,,,PR,2
2018,June,1197,Juniutbetalning 2018,5033743,16,Online/nya medier med rapport,27208757,2034,SVT PLAY,SVERIGE,CA,10.94,71.01,,,,,,PR,732
2018,June,1197,Juniutbetalning 2018,5033743,16,Online/nya medier med rapport,27208757,3003,P3 STAR,SVERIGE,CA,0.73,2.18,,,,,,MR,109
2018,June,1197,Juniutbetalning 2018,5033743,16,Online/nya medier med rapport,27208757,3021,SR BARNWEBB,SVERIGE,CA,0.73,0.03,,,,,,MR,2
2018,June,1197,Juniutbetalning 2018,5033743,16,Online/nya medier med rapport,27208757,3077,SPOTIFY BUSINESS SE MECH,SVERIGE,CA,0.73,2.52,,,,,,MR,16359
2018,June,1197,Juniutbetalning 2018,5033743,16,Online/nya medier med rapport,27208757,OMR801P,MEGAPOL PERF,SVERIGE,CA,11.12,10.80,,,,,,PR,3024
2018,June,1197,Juniutbetalning 2018,5033743,16,Online/nya medier med rapport,27208757,OMR808P,NRJ PERF,SVERIGE,CA,11.12,7.92,,,,,,PR,4378
2018,June,1197,Juniutbetalning 2018,5033743,16,Online/nya medier med rapport,32535896,2034,SVT PLAY,SVERIGE,CA,12.50,4.38,,,,,,PR,93
2018,June,1197,Juniutbetalning 2018,5033743,16,Online/nya medier med rapport,37711023,3077,SPOTIFY BUSINESS SE MECH,SVERIGE,CA,35.00,3.60,,,,,,MR,489
2018,June,1197,Juniutbetalning 2018,5033743,17,Privatkopieringsersättning,31495330,PKE305,PKE Nedladdning Musik,SVERIGE,CA,0.59,0.01,,,,,,MR,
2018,June,1197,Juniutbetalning 2018,5033743,17,Privatkopieringsersättning,31495330,PKE305,PKE Nedladdning Musik,SVERIGE,CA,0.59,0.03,,,,,,MR,
2018,June,1197,Juniutbetalning 2018,5033743,17,Privatkopieringsersättning,37711023,P306,PKE STRÖMMAD MUSIKTJÄNST (OFFLINE,SVERIGE,CA,35.00,3.35,,,,,,MR,
2018,June,1197,Juniutbetalning 2018,5033743,17,Privatkopieringsersättning,37711023,PKE305,PKE Nedladdning Musik,SVERIGE,CA,35.00,4.37,,,,,,MR,
2018,June,1197,Juniutbetalning 2018,5033743,17,Privatkopieringsersättning,37711023,PKE305,PKE Nedladdning Musik,SVERIGE,CA,35.00,7.95,,,,,,MR,
2018,June,1197,Juniutbetalning 2018,5033743,19,Online/nya medier utan rapport,27208757,0305,iTunes Downloads,SVERIGE,CA,10.94,1.85,,,,,,PR,
2018,June,1197,Juniutbetalning 2018,5033743,19,Online/nya medier utan rapport,27208757,0305,iTunes Downloads,SVERIGE,CA,10.94,0.73,,,,,,PR,
2018,June,1197,Juniutbetalning 2018,5033743,19,Online/nya medier utan rapport,27208757,O300,SPOTIFY PERF,SVERIGE,CA,10.94,3.58,,,,,,PR,
2018,June,1197,Juniutbetalning 2018,5033743,19,Online/nya medier utan rapport,31495330,0305,iTunes Downloads,SVERIGE,CA,8.90,0.01,,,,,,PR,
2018,June,1197,Juniutbetalning 2018,5033743,19,Online/nya medier utan rapport,31495330,O300,SPOTIFY PERF,SVERIGE,CA,8.90,0.04,,,,,,PR,
2018,June,1197,Juniutbetalning 2018,5033743,19,Online/nya medier utan rapport,35175994,0305,iTunes Downloads,SVERIGE,CA,10.00,0.03,,,,,,PR,
2018,June,1197,Juniutbetalning 2018,5033743,19,Online/nya medier utan rapport,35598261,0305,iTunes Downloads,SVERIGE,CA,18.80,0.04,,,,,,PR,
2018,June,1197,Juniutbetalning 2018,5033743,19,Online/nya medier utan rapport,35598261,O300,SPOTIFY PERF,SVERIGE,CA,18.80,0.35,,,,,,PR,
2018,June,1197,Juniutbetalning 2018,5033743,19,Online/nya medier utan rapport,37711023,0305,iTunes Downloads,SVERIGE,CA,35.00,0.35,,,,,,PR,
2018,June,1197,Juniutbetalning 2018,5033743,19,Online/nya medier utan rapport,37711023,0305,iTunes Downloads,SVERIGE,CA,35.00,0.53,,,,,,PR,
2018,June,1197,Juniutbetalning 2018,5033743,19,Online/nya medier utan rapport,37711023,305M,iTunes Downloads MEK,SVERIGE,CA,35.00,0.83,,,,,,MR,
2018,June,1197,Juniutbetalning 2018,5033743,19,Online/nya medier utan rapport,37711023,305M,iTunes Downloads MEK,SVERIGE,CA,35.00,1.25,,,,,,MR,
2018,June,1197,Juniutbetalning 2018,5033743,19,Online/nya medier utan rapport,37711023,O2077M,SPOTIFY BUSINESS MEK,SVERIGE,CA,35.00,0.02,,,,,,MR,
2018,June,1197,Juniutbetalning 2018,5033743,19,Online/nya medier utan rapport,37711023,O300,SPOTIFY PERF,SVERIGE,CA,35.00,2.23,,,,,,PR,
2018,June,1197,Juniutbetalning 2018,5033743,19,Online/nya medier utan rapport,37711023,O300M,SPOTIFY MEK,SVERIGE,CA,35.00,1.19,,,,,,MR,
2018,June,1197,Juniutbetalning 2018,5033743,19,Online/nya medier utan rapport,39124693,O300,SPOTIFY PERF,SVERIGE,CA,11.67,0.43,,,,,,PR,
2018,June,1197,Juniutbetalning 2018,5033743,20,Utland,27208757,8000,DISCO,FRANKRIKE,CA,10.93,4858.01,,,,,,PR,
2018,June,1197,Juniutbetalning 2018,5033743,20,Utland,27208757,8017,ÖVRIGT,KANADA,CA,10.93,1316.44,,,,,,PR,
2018,June,1197,Juniutbetalning 2018,5033743,20,Utland,27208757,8017,ÖVRIGT,FRANKRIKE,CA,10.93,10.89,,,,,,PR,
2018,June,1197,Juniutbetalning 2018,5033743,20,Utland,27208757,8017,ÖVRIGT,LIBANON,CA,10.93,209.00,,,,,,PR,
2018,June,1197,Juniutbetalning 2018,5033743,20,Utland,27208757,8025,ALLMÄN,KANADA,CA,10.93,159.13,,,,,,PR,
2018,June,1197,Juniutbetalning 2018,5033743,20,Utland,27208757,8025,ALLMÄN,FRANKRIKE,CA,10.93,670.51,,,,,,PR,
2018,June,1197,Juniutbetalning 2018,5033743,20,Utland,27208757,8025,ALLMÄN,ST LUCIA,CA,10.94,11.47,,,,,,PR,
2018,June,1197,Juniutbetalning 2018,5033743,20,Utland,27208757,8025,ALLMÄN,SERBIEN,CA,10.93,9.96,,,,,,PR,
2018,June,1197,Juniutbetalning 2018,5033743,20,Utland,27208757,8028,INTERNET RADIO,FRANKRIKE,CA,10.93,0.27,,,,,,PR,
2018,June,1197,Juniutbetalning 2018,5033743,20,Utland,27208757,8028,INTERNET RADIO,LUXEMBURG,CA,10.93,0.71,,,,,,PR,
2018,June,1197,Juniutbetalning 2018,5033743,20,Utland,27208757,8037,RADIO,KANADA,CA,10.93,143.89,,,,,,PR,
2018,June,1197,Juniutbetalning 2018,5033743,20,Utland,27208757,8037,RADIO,SCHWEIZ,CA,10.93,292.43,,,,,,PR,
2018,June,1197,Juniutbetalning 2018,5033743,20,Utland,27208757,8037,RADIO,FRANKRIKE,CA,10.93,2518.58,,,,,,PR,
2018,June,1197,Juniutbetalning 2018,5033743,20,Utland,27208757,8037,RADIO,ST LUCIA,CA,10.94,24.96,,,,,,PR,
2018,June,1197,Juniutbetalning 2018,5033743,20,Utland,27208757,8037,RADIO,SERBIEN,CA,10.93,253.12,,,,,,PR,
2018,June,1197,Juniutbetalning 2018,5033743,20,Utland,27208757,8037,RADIO,USA,CA,10.94,533.63,,,,,,PR,
2018,June,1197,Juniutbetalning 2018,5033743,20,Utland,27208757,8038,TV,KANADA,CA,10.93,9.49,,,,,,PR,
2018,June,1197,Juniutbetalning 2018,5033743,20,Utland,27208757,8038,TV,SCHWEIZ,CA,10.93,27.72,,,,,,PR,
2018,June,1197,Juniutbetalning 2018,5033743,20,Utland,27208757,8038,TV,FRANKRIKE,CA,10.93,3449.93,,,,,,PR,
2018,June,1197,Juniutbetalning 2018,5033743,20,Utland,27208757,8038,TV,ST LUCIA,CA,10.94,0.03,,,,,,PR,
2018,June,1197,Juniutbetalning 2018,5033743,20,Utland,27208757,8038,TV,SERBIEN,CA,10.93,58.64,,,,,,PR,
2018,June,1197,Juniutbetalning 2018,5033743,20,Utland,27208757,8038,TV,USA,CA,10.94,493.41,,,,,,PR,
2018,June,1197,Juniutbetalning 2018,5033743,20,Utland,31495330,8038,TV,FRANKRIKE,CA,8.75,146.25,,,,,,PR,
2018,June,1197,Juniutbetalning 2018,5033743,20,Utland,34800048,8038,TV,NORGE,CA,9.37,19.95,,,,,,PR,
2018,June,1197,Juniutbetalning 2018,5033743,20,Utland,37711023,8037,RADIO,NORGE,CA,35.00,255.33,,,,,,PR,
2018,June,1197,Juniutbetalning 2018,5033743,96,Utland Online,27208757,8001,BAKGRUNDSMUSIK,FRANKRIKE,CA,10.93,8282.15,,,,,,PR,
2018,June,1197,Juniutbetalning 2018,5033743,96,Utland Online,27208757,8001,BAKGRUNDSMUSIK,USA,CA,10.94,188.65,,,,,,PR,
2018,June,1197,Juniutbetalning 2018,5033743,96,Utland Online,27208757,8021,DOWNLOAD,USA,CA,10.94,6119.55,,,,,,PR,
2018,June,1197,Juniutbetalning 2018,5033743,96,Utland Online,27208757,8023,DOWNLOAD RINGTONES,FRANKRIKE,CA,10.93,0.54,,,,,,PR,
2018,June,1197,Juniutbetalning 2018,5033743,96,Utland Online,27208757,8030,STREAMING NOT ON-DEMAND,FRANKRIKE,CA,10.93,77.17,,,,,,PR,
2018,June,1197,Juniutbetalning 2018,5033743,96,Utland Online,27208757,8035,STREAMING ON DEMAND,SCHWEIZ,CA,10.93,142.67,,,,,,PR,
2018,June,1197,Juniutbetalning 2018,5033743,96,Utland Online,27208757,8035,STREAMING ON DEMAND,HONGKONG,CA,10.93,24.48,,,,,,PR,
2018,June,1197,Juniutbetalning 2018,5033743,96,Utland Online,35175987,8021,DOWNLOAD,USA,CA,25.00,0.16,,,,,,PR,
2018,June,1197,Juniutbetalning 2018,5033743,96,Utland Online,35175994,8035,STREAMING ON DEMAND,BRASILIEN,CA,10.00,0.04,,,,,,PR,
2018,June,1197,Juniutbetalning 2018,5033743,97,Korrigering Online,37693707,683,ONLINE UTFÖRANDE,ÖSTERRIKE,CA,35.00,0.01,,,,,,PR,
2018,June,1197,Juniutbetalning 2018,5033743,97,Korrigering Online,37693707,683,ONLINE UTFÖRANDE,TYSKLAND,CA,35.00,0.01,,,,,,PR,
2018,June,1197,Juniutbetalning 2018,5033743,97,Korrigering Online,37693707,683,ONLINE UTFÖRANDE,DANMARK,CA,35.00,0.03,,,,,,PR,
2018,June,1197,Juniutbetalning 2018,5033743,97,Korrigering Online,37693707,683,ONLINE UTFÖRANDE,FINLAND,CA,35.00,0.01,,,,,,PR,
2018,June,1197,Juniutbetalning 2018,5033743,97,Korrigering Online,37693707,683,ONLINE UTFÖRANDE,NORGE,CA,35.00,0.53,,,,,,PR,
2018,June,1197,Juniutbetalning 2018,5033743,97,Korrigering Online,37693707,683,ONLINE UTFÖRANDE,SVERIGE,CA,35.00,3.87,,,,,,PR,
2018,June,1197,Juniutbetalning 2018,5033743,97,Korrigering Online,37693707,684,ONLINE MEKANISK,DANMARK,CA,35.00,0.01,,,,,,MR,
2018,June,1197,Juniutbetalning 2018,5033743,97,Korrigering Online,37693707,684,ONLINE MEKANISK,NORGE,CA,35.00,0.23,,,,,,MR,
2018,June,1197,Juniutbetalning 2018,5033743,97,Korrigering Online,37693707,684,ONLINE MEKANISK,SVERIGE,CA,35.00,1.66,,,,,,MR,
2018,June,1207,Juniutbetalning 2018 -Tillägg TV 2015-2016,5033743,13,Kommersiell tv,27208757,203,TV3,SVERIGE,CA,11.12,0.68,,,846363,LYXFÄLLAN,1901,PR,
2018,June,1207,Juniutbetalning 2018 -Tillägg TV 2015-2016,5033743,13,Kommersiell tv,27208757,204,TV4,SVERIGE,CA,11.12,1.22,,,857150,BONDE SÖKER FRU 10 ÅRS JUBILEU,,PR,
2018,June,1207,Juniutbetalning 2018 -Tillägg TV 2015-2016,5033743,13,Kommersiell tv,27208757,204,TV4,SVERIGE,CA,11.12,0.57,,,868314,PÄRON I SOLEN,I 01,PR,
2018,June,1207,Juniutbetalning 2018 -Tillägg TV 2015-2016,5033743,13,Kommersiell tv,27208757,204,TV4,SVERIGE,CA,11.12,8.18,,,868742,LET'S DANCE,1101,PR,
2018,June,1207,Juniutbetalning 2018 -Tillägg TV 2015-2016,5033743,13,Kommersiell tv,27208757,204,TV4,SVERIGE,CA,11.12,0.32,,,868743,LET'S DANCE,1102,PR,
2018,June,1207,Juniutbetalning 2018 -Tillägg TV 2015-2016,5033743,13,Kommersiell tv,27208757,204,TV4,SVERIGE,CA,11.12,2.76,,,868745,LET'S DANCE,1104,PR,
2018,June,1207,Juniutbetalning 2018 -Tillägg TV 2015-2016,5033743,13,Kommersiell tv,27208757,204,TV4,SVERIGE,CA,11.12,9.48,,,869440,SVERIGES MÄSTERKOCK,,PR,
2018,June,1207,Juniutbetalning 2018 -Tillägg TV 2015-2016,5033743,13,Kommersiell tv,27208757,204,TV4,SVERIGE,CA,11.12,1.35,,,869443,SVERIGES MÄSTERKOCK,,PR,
2018,June,1207,Juniutbetalning 2018 -Tillägg TV 2015-2016,5033743,13,Kommersiell tv,27208757,204,TV4,SVERIGE,CA,11.12,1.30,,,869504,SVERIGES YNGSTA MÄSTERKOCK,,PR,
2018,June,1207,Juniutbetalning 2018 -Tillägg TV 2015-2016,5033743,13,Kommersiell tv,27208757,204,TV4,SVERIGE,CA,11.12,0.72,,,878484,IDOL 2016,1224,PR,
2018,June,1207,Juniutbetalning 2018 -Tillägg TV 2015-2016,5033743,13,Kommersiell tv,27208757,204,TV4,SVERIGE,CA,11.12,0.72,,,878724,SVERIGES BÄSTA,ARTIST,PR,
2018,June,1207,Juniutbetalning 2018 -Tillägg TV 2015-2016,5033743,13,Kommersiell tv,27208757,204,TV4,SVERIGE,CA,11.12,1.38,,,880073,HOLBY CITY,FROM BOURNEMOUTH WITH LOVE,PR,
2018,June,1207,Juniutbetalning 2018 -Tillägg TV 2015-2016,5033743,13,Kommersiell tv,27208757,214,SJUAN,SVERIGE,CA,11.12,0.27,,,868314,PÄRON I SOLEN,I 01,PR,